Start DateTime	End DateTime	Charged energy Wh	Charged duration
2026-01-01T18:56:31.446000+01:00	2026-01-03T14:54:20.998000+01:00	18535	1 day 19 hours 57 minutes 49 seconds
2026-01-04T12:39:28.219000+01:00	2026-01-08T18:39:26.876000+01:00	24342	4 days 5 hours 59 minutes 58 seconds
2026-01-08T21:42:29.709000+01:00	2026-01-09T12:03:17.654000+01:00	7714	14 hours 20 minutes 47 seconds
2026-01-11T08:45:52.758000+01:00	2026-01-11T09:34:23.339000+01:00	7937	48 minutes 30 seconds
2026-01-11T15:52:09.665000+01:00	2026-01-12T16:45:52.480000+01:00	20855	1 day 53 minutes 42 seconds
2026-01-13T17:12:32.358000+01:00	2026-01-14T12:01:51.498000+01:00	22951	18 hours 49 minutes 19 seconds
2026-01-14T20:16:40.500000+01:00	2026-01-15T08:16:01.801000+01:00	10664	11 hours 59 minutes 21 seconds
2026-01-15T22:59:57.649000+01:00	2026-01-16T08:18:12.715000+01:00	17114	9 hours 18 minutes 15 seconds
2026-01-19T18:37:17.656000+01:00	2026-01-20T19:52:49.919000+01:00	14292	1 day 1 hour 15 minutes 32 seconds
2026-01-21T12:11:13.740000+01:00	2026-01-21T17:30:11.547000+01:00	10760	5 hours 18 minutes 57 seconds
2026-01-22T09:01:10.830000+01:00	2026-01-22T18:37:02.875000+01:00	5100	9 hours 35 minutes 52 seconds
2026-01-23T08:11:59.259000+01:00	2026-01-23T12:02:57.273000+01:00	4891	3 hours 50 minutes 58 seconds
2026-01-23T12:17:46.158000+01:00	2026-01-23T14:49:55.545000+01:00	7082	2 hours 32 minutes 9 seconds
2026-01-23T16:20:56.072000+01:00	2026-01-24T10:37:03.654000+01:00	904	18 hours 16 minutes 7 seconds
2026-01-24T12:11:58.951000+01:00	2026-01-25T11:28:45.359000+01:00	7652	23 hours 16 minutes 46 seconds
2026-01-27T12:19:08.304000+01:00	2026-01-29T15:19:00.423000+01:00	24593	2 days 2 hours 59 minutes 52 seconds
2026-01-31T15:32:45.045000+01:00	2026-02-01T11:06:18.912000+01:00	20760	19 hours 33 minutes 33 seconds
2026-02-01T15:47:03.875000+01:00	2026-02-02T09:50:12.698000+01:00	14056	18 hours 3 minutes 8 seconds
2026-02-05T22:18:44.260000+01:00	2026-02-06T08:02:26.123000+01:00	25867	9 hours 43 minutes 41 seconds
2026-02-08T12:46:21.856000+01:00	2026-02-09T08:15:35.995000+01:00	3374	19 hours 29 minutes 14 seconds
2026-02-09T13:12:58.110000+01:00	2026-02-09T16:48:11.221000+01:00	362	3 hours 35 minutes 13 seconds
2026-02-09T18:36:52.655000+01:00	2026-02-10T08:05:02.564000+01:00	2066	13 hours 28 minutes 9 seconds
2026-02-10T11:26:02.498000+01:00	2026-02-10T12:11:47.649000+01:00	2080	45 minutes 45 seconds
2026-02-10T12:26:38.071000+01:00	2026-02-10T13:44:49.358000+01:00	8057	1 hour 18 minutes 11 seconds
2026-02-12T08:50:42.812000+01:00	2026-02-12T11:49:39.620000+01:00	2104	2 hours 58 minutes 56 seconds
2026-02-12T12:02:54.374000+01:00	2026-02-13T08:20:25.062000+01:00	407	20 hours 17 minutes 30 seconds
2026-02-13T13:04:49.717000+01:00	2026-02-13T14:47:28.426000+01:00	8238	1 hour 42 minutes 38 seconds
2026-02-13T16:14:13.146000+01:00	2026-02-14T12:05:20.565000+01:00	24460	19 hours 51 minutes 7 seconds
2026-02-14T22:36:58.047000+01:00	2026-02-15T09:37:48.109000+01:00	22980	11 hours 50 seconds
2026-02-15T12:50:49.412000+01:00	2026-02-16T09:51:14.886000+01:00	6186	21 hours 25 seconds
2026-02-17T12:03:48.747000+01:00	2026-02-17T19:44:27.417000+01:00	14234	7 hours 40 minutes 38 seconds
2026-02-18T18:04:18.074000+01:00	2026-02-19T11:34:14.552000+01:00	28181	17 hours 29 minutes 56 seconds
2026-02-19T18:27:18.679000+01:00	2026-02-20T16:54:07.197000+01:00	20320	22 hours 26 minutes 48 seconds
2026-02-21T12:51:39.298000+01:00	2026-02-22T09:36:08.942000+01:00	10269	20 hours 44 minutes 29 seconds
2026-02-23T23:44:16.933000+01:00	2026-02-24T08:04:13.863000+01:00	20247	8 hours 19 minutes 56 seconds
2026-02-24T21:25:15.026000+01:00	2026-02-25T08:00:50.169000+01:00	10469	10 hours 35 minutes 35 seconds
2026-02-26T21:16:28.546000+01:00	2026-02-27T13:22:00.899000+01:00	10945	16 hours 5 minutes 32 seconds
2026-02-28T08:24:00.080000+01:00	2026-02-28T12:37:55.663000+01:00	12431	4 hours 13 minutes 55 seconds
2026-02-28T14:59:24.476000+01:00	2026-03-01T09:56:57.858000+01:00	1386	18 hours 57 minutes 33 seconds
2026-03-01T10:41:23.475000+01:00	2026-03-01T12:35:20.553000+01:00	3817	1 hour 53 minutes 57 seconds
2026-03-01T14:51:52.548000+01:00	2026-03-02T09:46:00.087000+01:00	3826	18 hours 54 minutes 7 seconds
2026-03-03T15:01:51.232000+01:00	2026-03-03T19:49:16.528000+01:00	1855	4 hours 47 minutes 25 seconds
2026-03-04T08:15:12.115000+01:00	2026-03-04T09:17:33.001000+01:00	1654	1 hour 2 minutes 20 seconds
2026-03-04T09:17:34.409000+01:00	2026-03-04T15:20:35.132000+01:00	17835	6 hours 3 minutes
2026-03-04T17:47:25.505000+01:00	2026-03-05T15:25:18.503000+01:00	4691	21 hours 37 minutes 52 seconds
2026-03-05T17:29:54.901000+01:00	2026-03-06T15:03:03.465000+01:00	5120	21 hours 33 minutes 8 seconds
2026-03-07T16:19:16.942000+01:00	2026-03-08T13:35:03.681000+01:00	10841	21 hours 15 minutes 46 seconds
2026-03-08T15:29:02.376000+01:00	2026-03-09T09:47:20.224000+01:00	4384	18 hours 18 minutes 17 seconds
2026-03-10T11:02:58.484000+01:00	2026-03-10T11:56:51.072000+01:00	5870	53 minutes 52 seconds
2026-03-11T08:18:58.887000+01:00	2026-03-12T08:38:51.770000+01:00	20444	1 day 19 minutes 52 seconds
2026-03-12T10:15:03.875000+01:00	2026-03-12T16:40:47.380000+01:00	9899	6 hours 25 minutes 43 seconds
2026-03-12T22:04:26.522000+01:00	2026-03-13T15:24:47.466000+01:00	10248	17 hours 20 minutes 20 seconds
2026-03-15T11:50:20.043000+01:00	2026-03-16T08:10:48.716000+01:00	8628	20 hours 20 minutes 28 seconds
2026-03-16T12:14:37.848000+01:00	2026-03-16T14:52:15.768000+01:00	7660	2 hours 37 minutes 37 seconds
2026-03-16T16:18:01.958000+01:00	2026-03-16T16:45:16.443000+01:00	315	27 minutes 14 seconds
2026-03-17T11:04:32.822000+01:00	2026-03-17T12:03:27.410000+01:00	1452	58 minutes 54 seconds
2026-03-17T12:16:07.677000+01:00	2026-03-17T14:51:35.778000+01:00	11863	2 hours 35 minutes 28 seconds
2026-03-17T16:18:41.173000+01:00	2026-03-17T19:36:16.870000+01:00	379	3 hours 17 minutes 35 seconds
2026-03-18T08:29:35.297000+01:00	2026-03-19T08:10:00.971000+01:00	29255	23 hours 40 minutes 25 seconds
2026-03-19T21:54:48.342000+01:00	2026-03-20T14:25:27.665000+01:00	11370	16 hours 30 minutes 39 seconds
2026-03-21T17:44:00.536000+01:00	2026-03-22T10:00:06.527000+01:00	7059	16 hours 16 minutes 5 seconds
2026-03-22T13:08:01.479000+01:00	2026-03-22T17:12:44.977000+01:00	6527	4 hours 4 minutes 43 seconds
2026-03-22T22:40:54.960000+01:00	2026-03-23T08:08:32.572000+01:00	919	9 hours 27 minutes 37 seconds
2026-03-23T14:12:47.459000+01:00	2026-03-24T11:58:22.411000+01:00	12933	21 hours 45 minutes 34 seconds
2026-03-25T12:10:25.937000+01:00	2026-03-25T14:43:52.038000+01:00	10943	2 hours 33 minutes 26 seconds
2026-03-25T16:01:59.392000+01:00	2026-03-26T11:56:58.297000+01:00	29305	19 hours 54 minutes 58 seconds
2026-03-26T22:07:46.733000+01:00	2026-03-27T07:55:58.862000+01:00	29496	9 hours 48 minutes 12 seconds
2026-03-27T15:45:37.178000+01:00	2026-03-28T08:55:33.345000+01:00	5982	17 hours 9 minutes 56 seconds
2026-03-28T15:15:26.016000+01:00	2026-03-30T08:43:59.283000+02:00	23400	1 day 16 hours 28 minutes 33 seconds
2026-03-30T11:52:11.479000+02:00	2026-03-30T13:31:14.528000+02:00	9579	1 hour 39 minutes 3 seconds
2026-03-30T14:49:53.632000+02:00	2026-03-30T14:52:16.144000+02:00	409	2 minutes 22 seconds
2026-03-30T16:53:15.085000+02:00	2026-03-31T09:54:19.253000+02:00	4729	17 hours 1 minute 4 seconds
2026-04-01T09:05:13.592000+02:00	2026-04-01T09:05:13.592000+02:00	790	0 seconds
2026-04-01T14:33:26.207000+02:00	2026-04-02T09:25:55.071000+02:00	7724	18 hours 52 minutes 28 seconds
2026-04-02T15:33:28.783000+02:00	2026-04-02T17:03:45.988000+02:00	12931	1 hour 30 minutes 17 seconds
2026-04-06T20:01:08.177000+02:00	2026-04-07T13:46:25.789000+02:00	25977	17 hours 45 minutes 17 seconds
2026-04-07T21:29:15.426000+02:00	2026-04-08T12:39:43.797000+02:00	16675	15 hours 10 minutes 28 seconds
2026-04-08T21:02:28.385000+02:00	2026-04-10T13:01:59.872000+02:00	14587	1 day 15 hours 59 minutes 31 seconds
2026-04-10T15:19:36.520000+02:00	2026-04-11T12:15:32.772000+02:00	1714	20 hours 55 minutes 56 seconds
2026-04-14T12:20:58.603000+02:00	2026-04-14T19:48:45.580000+02:00	6132	7 hours 27 minutes 46 seconds
2026-04-14T21:34:22.300000+02:00	2026-04-15T16:07:45.554000+02:00	31055	18 hours 33 minutes 23 seconds
2026-04-15T18:27:42.112000+02:00	2026-04-16T11:52:32.268000+02:00	6920	17 hours 24 minutes 50 seconds
2026-04-17T12:44:51.728000+02:00	2026-04-17T14:54:26.524000+02:00	7561	2 hours 9 minutes 34 seconds
2026-04-17T16:15:55.565000+02:00	2026-04-18T13:33:20.295000+02:00	6946	21 hours 17 minutes 24 seconds
2026-04-19T15:18:31.332000+02:00	2026-04-20T10:55:01.988000+02:00	22297	19 hours 36 minutes 30 seconds
2026-04-20T10:59:43.368000+02:00	2026-04-20T12:03:47.808000+02:00	4894	1 hour 4 minutes 4 seconds
2026-04-20T20:15:03.666000+02:00	2026-04-21T16:23:28.915000+02:00	7073	20 hours 8 minutes 25 seconds
2026-04-21T17:26:04.576000+02:00	2026-04-21T19:45:43.407000+02:00	1383	2 hours 19 minutes 38 seconds
2026-04-21T21:31:41.973000+02:00	2026-04-23T16:41:22.152000+02:00	6768	1 day 19 hours 9 minutes 40 seconds
2026-04-23T20:15:17.204000+02:00	2026-04-24T13:06:27.867000+02:00	5803	16 hours 51 minutes 10 seconds
2026-04-24T19:50:53.878000+02:00	2026-04-25T11:02:44.448000+02:00	20212	15 hours 11 minutes 50 seconds
2026-04-25T18:46:48.304000+02:00	2026-04-26T08:19:32.727000+02:00	8666	13 hours 32 minutes 44 seconds
2026-04-26T19:56:38.998000+02:00	2026-04-27T17:07:05.241000+02:00	30617	21 hours 10 minutes 26 seconds
2026-04-28T12:21:14.214000+02:00	2026-04-28T15:02:55.470000+02:00	6035	2 hours 41 minutes 41 seconds
2026-04-28T21:32:15.834000+02:00	2026-04-29T08:16:41.077000+02:00	3092	10 hours 44 minutes 25 seconds
2026-04-29T08:49:15.649000+02:00	2026-04-29T10:31:37.954000+02:00	9045	1 hour 42 minutes 22 seconds
2026-04-30T12:13:13.018000+02:00	2026-04-30T14:44:00.442000+02:00	9244	2 hours 30 minutes 47 seconds
2026-04-30T19:53:06.112000+02:00	2026-05-01T11:01:27.006000+02:00	10101	15 hours 8 minutes 20 seconds
2026-05-01T18:49:45.591000+02:00	2026-05-02T14:13:38.261000+02:00	14683	19 hours 23 minutes 52 seconds
2026-05-04T23:40:02.355000+02:00	2026-05-05T09:45:56.436000+02:00	3482	10 hours 5 minutes 54 seconds
2026-05-05T12:14:29.303000+02:00	2026-05-05T15:43:51.744000+02:00	20699	3 hours 29 minutes 22 seconds
2026-05-05T18:56:18.066000+02:00	2026-05-07T07:57:00.961000+02:00	5679	1 day 13 hours 42 seconds
2026-05-10T09:43:27.857000+02:00	2026-05-10T13:18:13.571000+02:00	7455	3 hours 34 minutes 45 seconds
2026-05-10T18:54:41.908000+02:00	2026-05-11T13:29:33.957000+02:00	6604	18 hours 34 minutes 52 seconds
2026-05-11T18:43:54.845000+02:00	2026-05-12T08:05:22.532000+02:00	1185	13 hours 21 minutes 27 seconds
2026-05-12T21:32:25.934000+02:00	2026-05-13T07:55:11.310000+02:00	562	10 hours 22 minutes 45 seconds
2026-05-13T12:11:56.045000+02:00	2026-05-13T13:37:21.753000+02:00	2065	1 hour 25 minutes 25 seconds
2026-05-13T15:45:29.438000+02:00	2026-05-15T14:51:42.800000+02:00	26234	1 day 23 hours 6 minutes 13 seconds
2026-05-15T16:16:47.368000+02:00	2026-05-17T13:25:01.007000+02:00	5358	1 day 21 hours 8 minutes 13 seconds
2026-05-17T18:39:08.409000+02:00	2026-05-18T13:33:19.004000+02:00	6504	18 hours 54 minutes 10 seconds
2026-05-19T08:20:08.431000+02:00	2026-05-19T14:48:51.942000+02:00	13856	6 hours 28 minutes 43 seconds
2026-05-20T09:08:09.277000+02:00	2026-05-20T11:57:57.240000+02:00	12661	2 hours 49 minutes 47 seconds
2026-05-21T12:27:53.479000+02:00	2026-05-21T15:50:48.769000+02:00	26938	3 hours 22 minutes 55 seconds
2026-05-21T21:51:23.631000+02:00	2026-05-22T09:50:05.977000+02:00	15275	11 hours 58 minutes 42 seconds
2026-06-06T11:49:44.326000+02:00	2026-06-06T11:49:44.326000+02:00	9425	0 seconds
2026-06-06T16:53:43.404000+02:00	2026-06-07T13:22:51.232000+02:00	6175	20 hours 29 minutes 7 seconds
2026-06-07T18:06:38.371000+02:00	2026-06-08T13:27:29.451000+02:00	6666	19 hours 20 minutes 51 seconds
2026-06-10T08:37:20.015000+02:00	2026-06-11T12:03:09.151000+02:00	17103	1 day 3 hours 25 minutes 49 seconds
2026-06-12T18:57:53.816000+02:00	2026-06-13T10:23:32.721000+02:00	16246	15 hours 25 minutes 38 seconds
2026-06-13T19:20:41.183000+02:00	2026-06-14T08:58:23.879000+02:00	3119	13 hours 37 minutes 42 seconds
2026-06-14T16:02:25.254000+02:00	2026-06-15T08:15:25.739000+02:00	15907	16 hours 13 minutes
2026-06-16T08:30:20.075000+02:00	2026-06-17T13:13:53.594000+02:00	12348	1 day 4 hours 43 minutes 33 seconds
2026-06-17T17:42:18.359000+02:00	2026-06-18T09:20:26.831000+02:00	10846	15 hours 38 minutes 8 seconds
2026-06-18T17:46:18.437000+02:00	2026-06-19T12:00:52.464000+02:00	5774	18 hours 14 minutes 34 seconds
2026-06-22T11:01:11.894000+02:00	2026-06-22T11:58:26.919000+02:00	9170	57 minutes 15 seconds
2026-06-22T12:12:51.508000+02:00	2026-06-23T07:58:44.996000+02:00	8009	19 hours 45 minutes 53 seconds
2026-06-23T19:01:01.393000+02:00	2026-06-24T12:01:38.384000+02:00	20876	17 hours 36 seconds
2026-06-24T18:08:05.922000+02:00	2026-06-25T12:01:22.758000+02:00	5658	17 hours 53 minutes 16 seconds
2026-06-26T16:14:24.147000+02:00	2026-06-27T09:27:35.604000+02:00	11917	17 hours 13 minutes 11 seconds
2026-06-27T12:57:58.213000+02:00	2026-06-29T11:56:36.323000+02:00	5035	1 day 22 hours 58 minutes 38 seconds
2026-06-29T21:16:20.707000+02:00	2026-06-30T18:25:31.016000+02:00	6489	21 hours 9 minutes 10 seconds
2026-07-01T12:18:32.429000+02:00	2026-07-01T15:19:12.280000+02:00	13304	3 hours 39 seconds
2026-07-02T20:41:34.486000+02:00	2026-07-03T09:13:01.867000+02:00	8875	12 hours 31 minutes 27 seconds
2026-07-03T21:32:41.842000+02:00	2026-07-04T12:53:43.583000+02:00	21036	15 hours 21 minutes 1 second
2026-07-04T21:41:15.376000+02:00	2026-07-05T10:58:04.194000+02:00	8737	13 hours 16 minutes 48 seconds
2026-07-05T16:55:28.099000+02:00	2026-07-06T08:00:01.053000+02:00	6876	15 hours 4 minutes 32 seconds
2026-07-06T12:13:28.867000+02:00	2026-07-06T15:59:47.891000+02:00	9733	3 hours 46 minutes 19 seconds
2026-07-06T18:43:53.407000+02:00	2026-07-07T08:15:34.013000+02:00	2440	13 hours 31 minutes 40 seconds
2026-07-07T08:37:51.548000+02:00	2026-07-07T08:49:02.744000+02:00	419	11 minutes 11 seconds
2026-07-07T11:02:32.123000+02:00	2026-07-07T12:08:42.159000+02:00	7868	1 hour 6 minutes 10 seconds
2026-07-08T08:24:55.758000+02:00	2026-07-08T11:59:31.646000+02:00	7585	3 hours 34 minutes 35 seconds
2026-07-08T19:38:17.298000+02:00	2026-07-09T15:19:06.610000+02:00	9446	19 hours 40 minutes 49 seconds
2026-07-09T20:25:13.145000+02:00	2026-07-10T10:13:32.852000+02:00	19229	13 hours 48 minutes 19 seconds
2026-07-10T17:11:47.075000+02:00	2026-07-11T10:00:12.037000+02:00	12162	16 hours 48 minutes 24 seconds
2026-07-11T21:15:34.882000+02:00	2026-07-12T16:59:13.524000+02:00	7599	19 hours 43 minutes 38 seconds
2026-07-12T20:05:45.980000+02:00	2026-07-13T08:23:04.932000+02:00	2982	12 hours 17 minutes 18 seconds
2026-07-14T08:46:33.900000+02:00	2026-07-14T12:00:35.980000+02:00	16237	3 hours 14 minutes 2 seconds
2026-07-15T08:44:25.607000+02:00	2026-07-15T11:56:29.625000+02:00	5994	3 hours 12 minutes 4 seconds
2026-07-15T12:24:36.860000+02:00	2026-07-15T16:36:57.834000+02:00	1448	4 hours 12 minutes 20 seconds
2026-07-16T08:56:03.365000+02:00	2026-07-16T11:54:21.188000+02:00	6936	2 hours 58 minutes 17 seconds
2026-07-17T10:25:33.510000+02:00	2026-07-17T11:55:13.781000+02:00	14026	1 hour 29 minutes 40 seconds
2026-07-17T15:00:22.128000+02:00	2026-07-17T17:51:47.182000+02:00	5746	2 hours 51 minutes 25 seconds
2026-07-18T14:18:00.508000+02:00	2026-07-19T09:12:25.835000+02:00	10240	18 hours 54 minutes 25 seconds
2026-07-19T17:16:23.894000+02:00	2026-07-20T08:18:44.816000+02:00	9816	15 hours 2 minutes 20 seconds
2026-07-20T14:50:20.025000+02:00	2026-07-20T16:27:58.668000+02:00	12440	1 hour 37 minutes 38 seconds
2026-07-20T18:35:09.424000+02:00	2026-07-21T08:09:02.170000+02:00	350	13 hours 33 minutes 52 seconds
2026-07-21T08:30:32.388000+02:00	2026-07-21T12:03:46.675000+02:00	12269	3 hours 33 minutes 14 seconds
2026-07-22T08:23:18.395000+02:00	2026-07-22T11:48:05.494000+02:00	10858	3 hours 24 minutes 47 seconds
2026-07-23T22:51:38.632000+02:00	2026-07-24T08:24:57.390000+02:00	1120	9 hours 33 minutes 18 seconds
2026-07-24T11:01:39.841000+02:00	2026-07-24T11:53:15.268000+02:00	8786	51 minutes 35 seconds
2026-07-24T12:14:36.554000+02:00	2026-07-24T14:41:00.302000+02:00	21217	2 hours 26 minutes 23 seconds
2026-07-24T19:37:21.252000+02:00	2026-07-25T10:03:24.777000+02:00	8579	14 hours 26 minutes 3 seconds
2026-07-26T16:21:00.455000+02:00	2026-07-27T16:44:03.491000+02:00	20447	1 day 23 minutes 3 seconds
2026-07-28T15:30:20.070000+02:00	2026-07-28T17:30:02.696000+02:00	12758	1 hour 59 minutes 42 seconds
2026-07-29T09:36:44.881000+02:00	2026-07-29T11:53:04.484000+02:00	6203	2 hours 16 minutes 19 seconds
2026-07-30T09:01:01.736000+02:00	2026-07-30T11:55:03.345000+02:00	7956	2 hours 54 minutes 1 second
2026-07-30T16:42:16.169000+02:00	2026-07-31T08:09:31.385000+02:00	9127	15 hours 27 minutes 15 seconds
2026-07-31T08:32:47.267000+02:00	2026-07-31T11:48:29.855000+02:00	6421	3 hours 15 minutes 42 seconds
2026-07-31T16:55:55.610000+02:00	2026-08-01T08:27:41.600000+02:00	3819	15 hours 31 minutes 45 seconds
2026-08-01T08:29:21.315000+02:00	2026-08-01T08:41:53.776000+02:00	2075	12 minutes 32 seconds
2026-08-01T15:04:18.381000+02:00	2026-08-01T15:59:08.847000+02:00	9385	54 minutes 50 seconds
2026-08-01T16:33:28.691000+02:00	2026-08-01T17:31:38.328000+02:00	10034	58 minutes 9 seconds
2026-08-01T22:03:08.220000+02:00	2026-08-03T09:54:32.011000+02:00	23983	1 day 11 hours 51 minutes 23 seconds
2026-08-03T13:55:36.287000+02:00	2026-08-04T08:14:42.313000+02:00	27416	18 hours 19 minutes 6 seconds
2026-08-05T08:44:50.274000+02:00	2026-08-05T11:40:45.382000+02:00	8672	2 hours 55 minutes 55 seconds
2026-08-05T12:17:23.471000+02:00	2026-08-06T09:01:51.453000+02:00	1626	20 hours 44 minutes 27 seconds
2026-08-06T21:45:09.893000+02:00	2026-08-07T09:46:47.974000+02:00	7924	12 hours 1 minute 38 seconds
2026-08-07T12:26:18.868000+02:00	2026-08-07T15:37:59.590000+02:00	7136	3 hours 11 minutes 40 seconds
2026-08-07T21:44:02.559000+02:00	2026-08-08T11:31:25.676000+02:00	21609	13 hours 47 minutes 23 seconds
2026-08-08T21:43:29.496000+02:00	2026-08-09T09:48:18.111000+02:00	2742	12 hours 4 minutes 48 seconds
2026-08-09T12:12:00.271000+02:00	2026-08-10T07:28:16.572000+02:00	17328	19 hours 16 minutes 16 seconds
2026-08-14T13:17:17.029000+02:00	2026-08-14T15:57:16.629000+02:00	26842	2 hours 39 minutes 59 seconds
2026-08-14T17:09:42.337000+02:00	2026-08-15T08:34:01.636000+02:00	6803	15 hours 24 minutes 19 seconds
2026-08-16T11:17:29.941000+02:00	2026-08-16T13:01:20.739000+02:00	14328	1 hour 43 minutes 50 seconds
2026-08-18T10:21:52.889000+02:00	2026-08-18T16:37:26.444000+02:00	6712	6 hours 15 minutes 33 seconds
2026-08-18T21:23:36.631000+02:00	2026-08-19T08:35:25.287000+02:00	712	11 hours 11 minutes 48 seconds
2026-08-19T08:55:29.896000+02:00	2026-08-19T12:33:49.422000+02:00	15221	3 hours 38 minutes 19 seconds
2026-08-19T18:32:00.075000+02:00	2026-08-20T10:38:20.953000+02:00	7313	16 hours 6 minutes 20 seconds
2026-08-20T17:10:03.309000+02:00	2026-08-21T16:01:18.200000+02:00	18467	22 hours 51 minutes 14 seconds
2026-08-21T18:31:07.932000+02:00	2026-08-22T11:30:13.872000+02:00	2923	16 hours 59 minutes 5 seconds
2026-08-22T12:38:34.409000+02:00	2026-08-23T10:23:06.215000+02:00	3319	21 hours 44 minutes 31 seconds
2026-08-23T13:08:27.790000+02:00	2026-08-24T07:15:35.798000+02:00	5691	18 hours 7 minutes 8 seconds
2026-08-24T15:05:54.474000+02:00	2026-08-24T18:51:28.276000+02:00	6953	3 hours 45 minutes 33 seconds
2026-08-25T19:06:31.912000+02:00	2026-08-26T15:56:45.358000+02:00	22913	20 hours 50 minutes 13 seconds
2026-08-26T20:33:53.653000+02:00	2026-08-27T09:43:05.325000+02:00	6241	13 hours 9 minutes 11 seconds
2026-08-27T19:27:29.418000+02:00	2026-08-28T14:14:32.734000+02:00	7154	18 hours 47 minutes 3 seconds
2026-08-28T14:50:15.232000+02:00	2026-08-29T09:26:47.540000+02:00	2090	18 hours 36 minutes 32 seconds
2026-08-30T17:32:02.590000+02:00	2026-08-31T11:34:23.056000+02:00	19259	18 hours 2 minutes 20 seconds
2026-08-31T15:26:21.574000+02:00	2026-09-01T10:17:02.688000+02:00	8269	18 hours 50 minutes 41 seconds
2026-09-01T21:12:42.628000+02:00	2026-09-02T12:56:14.844000+02:00	19517	15 hours 43 minutes 32 seconds
2026-09-02T13:20:12.018000+02:00	2026-09-02T16:30:38.975000+02:00	1068	3 hours 10 minutes 26 seconds
2026-09-03T18:32:13.110000+02:00	2026-09-05T10:05:03.857000+02:00	34712	1 day 15 hours 32 minutes 50 seconds
2026-09-05T11:03:07.253000+02:00	2026-09-06T15:29:12.384000+02:00	2582	1 day 4 hours 26 minutes 5 seconds
2026-09-06T18:38:47.974000+02:00	2026-09-07T13:19:28.389000+02:00	5830	18 hours 40 minutes 40 seconds
2026-09-07T23:57:09.363000+02:00	2026-09-08T13:47:18.405000+02:00	11753	13 hours 50 minutes 9 seconds
2026-09-08T21:46:40.968000+02:00	2026-09-09T15:41:13.435000+02:00	13514	17 hours 54 minutes 32 seconds
2026-09-09T20:03:57.360000+02:00	2026-09-10T11:17:42.094000+02:00	14596	15 hours 13 minutes 44 seconds
2026-09-10T13:51:11.785000+02:00	2026-09-10T16:31:05.727000+02:00	11412	2 hours 39 minutes 53 seconds
2026-09-10T21:22:55.095000+02:00	2026-09-11T12:35:03.259000+02:00	5388	15 hours 12 minutes 8 seconds
2026-09-11T15:36:10.879000+02:00	2026-09-12T15:27:09.403000+02:00	5688	23 hours 50 minutes 58 seconds
2026-09-12T18:51:02.141000+02:00	2026-09-13T15:36:29.112000+02:00	3610	20 hours 45 minutes 26 seconds
2026-09-13T16:40:14.923000+02:00	2026-09-14T08:19:03.414000+02:00	18358	15 hours 38 minutes 48 seconds
2026-09-14T12:51:50.846000+02:00	2026-09-14T16:44:46.693000+02:00	9552	3 hours 52 minutes 55 seconds
2026-09-14T17:05:31.322000+02:00	2026-09-15T07:58:48.598000+02:00	1736	14 hours 53 minutes 17 seconds
2026-09-15T08:19:37.336000+02:00	2026-09-15T14:04:20.016000+02:00	19025	5 hours 44 minutes 42 seconds
2026-09-16T08:21:51.763000+02:00	2026-09-16T11:55:28.177000+02:00	6274	3 hours 33 minutes 36 seconds
2026-09-16T15:58:28.274000+02:00	2026-09-17T16:08:17.662000+02:00	22275	1 day 9 minutes 49 seconds
2026-09-18T08:40:49.037000+02:00	2026-09-18T11:56:58.482000+02:00	2147	3 hours 16 minutes 9 seconds
2026-09-19T12:29:48.582000+02:00	2026-09-21T08:07:12.619000+02:00	5786	1 day 19 hours 37 minutes 24 seconds
2026-09-22T10:29:51.563000+02:00	2026-09-22T16:44:34.070000+02:00	17727	6 hours 14 minutes 42 seconds
2026-09-23T08:24:56.314000+02:00	2026-09-23T16:10:35.646000+02:00	7670	7 hours 45 minutes 39 seconds
2026-09-24T19:15:16.794000+02:00	2026-09-25T09:04:53.463000+02:00	1041	13 hours 49 minutes 36 seconds
2026-09-25T10:40:03.114000+02:00	2026-09-25T14:49:30.421000+02:00	13217	4 hours 9 minutes 27 seconds
2026-09-25T20:53:53.501000+02:00	2026-09-26T10:18:51.651000+02:00	5974	13 hours 24 minutes 58 seconds
2026-09-27T19:15:56.350000+02:00	2026-09-28T16:14:19.395000+02:00	18248	20 hours 58 minutes 23 seconds
2026-09-29T08:33:03.979000+02:00	2026-09-29T17:03:25.125000+02:00	6556	8 hours 30 minutes 21 seconds
2026-09-29T21:51:09.760000+02:00	2026-09-30T16:02:15.870000+02:00	6022	18 hours 11 minutes 6 seconds
2026-10-01T08:35:13.307000+02:00	2026-10-03T11:32:48.007000+02:00	6581	2 days 2 hours 57 minutes 34 seconds
2026-10-03T15:07:10.766000+02:00	2026-10-04T08:11:43.027000+02:00	2865	17 hours 4 minutes 32 seconds
2026-10-04T14:46:53.043000+02:00	2026-10-05T07:38:29.167000+02:00	7104	16 hours 51 minutes 36 seconds